Name,Price,Category
Maydanoz Adet;2,25;1
Dereotu Adet;2,00;1
Kekik 25 G Adet;7,95;1
Mantar Kestane Paket 350 G;7,45;1
Marul Çin Adet;7,95;1
Mantar Izgaralık 1 Kg Müpa;14,90;1
Müpa Mantar Shiitake 200 G;13,90;1
Rozmarin 25 G;7,95;1
Patates Taze Mini Kg;9,95;1
Domates Agrocan Salkım Paket;12,90;1
Avokado 2 Li Paket Excelente Yemeye Hazır;15,90;1
Ispanak 700 G Erüst;8,90;1
Ispanak Kg;4,95;1
Erüst Salata Akdeniz Karışık 150 G;9,25;1
*Migros  Seçilmiş Soğan Kuru 2 Kg;16,90;1
Soğan File Lüx Kg;7,95;1
Pancar Kg;6,95;1
Canbaş Sarımsak Ezmesi 100 G Adet;10,00;1
Mantar 400 G;5,95;1
Havuç Çıtır 250 G Paket Adet;1,65;1
Limon Nostalji File Kg;7,95;1
Lime Paket (4 Adet);11,90;1
Elma Fuji Kg;5,99;1
Armut Santa Maria Kg;9,95;1
Çilek Kg;10,90;1
Yer Fıstığı Araşit Kg;15,90;1
M Life Organik Elma Kg (Ort. 400 G);16,90;1
Excelente Yemeye Hazır Mango;12,90;1
Kumkuat 150 G;12,90;1
Kavun Ithal;16,90;1
Erik Malta Kg;9,90;1
Kavun Sera Kg;12,90;1
Portakal Sıkma File Kg;3,99;1
Elma Granny Smith Kg;5,99;1
Şeftali Kg;12,90;1
Kiraz 250 Gr Paket;15,90;1
Excelente Demirhindi Paket 200 G;12,90;1
Mango Adet;4,95;1
Hindistan Cevizi Adet;3,75;1
Muz İthal Kg;12,90;1
Minikler İçin Dana Kıyma;67,95;2
Dana Döş Rulo Kg;57,95;2
Dana Kuşbaşı Tas Kebaplık Kg (But Eti);66,95;2
Dana Stragonof Kg (But Eti, Jülyen Doğranmış);69,95;2
Dana But Biftek Kg;59,95;2
Kuzu Sarma Kg;36,95;2
Kuzu Sotelik Et Kg;81,95;2
Kuzu Şişlik But Kg (Kemikli, İnciksiz Bütün But);71,95;2
Kuzu Beyti Kg;82,95;2
Dana İlikli İncik Kg (Osso Bucco, Kemikli);56,95;2
Dana Çıralı Antrikot Kg;94,95;2
Gurvita İlikli Kemik Suyu 660 Ml;22,90;2
Dana Kemikli Biftek ( T-bone Steak ) Kg;91,95;2
Uzman Kasap Izgara Köfte 320 G;14,95;2
Tire Şiş Köfte 250 G;21,95;2
Uzman Kasap Kuzu Ciğer Şiş;71,95;2
Bando Torik Lakerda 200 G;29,95;2
Kocaman Yengeç Aromalı Surimi 200 G;16,50;2
Migros Karides 400 G;28,35;2
Levrek 400 - 600 G;37,50;2
İstavrit Kg;24,50;2
Norveç Somon Fileto Kg;109,90;2
Kocaman Torik Lakerda 200 G;24,45;2
Hamsi Kg;24,50;2
Kartal Ançüez 90 G;18,95;2
Kocaman Ahtapot Salatası 200 G;36,95;2
Migros Ahtapot Söğüş 200 G;24,75;2
Dardanel Somon Marine 100 G;32,90;2
Migros Parça Somon Füme 100 G;10,90;2
Çipura 400 - 600 G;35,90;2
Migros Jumbo Karides 200 G;23,25;2
Kocaman Deniz Ürünleri Salatası;17,95;2
Migros Ekstra Büyük Karides (X Large) 400G;45,90;2
Norveç Somon Dilim Kg;99,90;2
Dardanel Havyar 115 G;69,90;2
Süper Kartal Tarama 90 G;18,95;2
Hastavuk Piliç But Kg;16,45;2
Cp Piliç Lokum 300G;9,95;2
Şenpiliç Piliç Nugget 240 G;4,95;2
Hastavuk Piliç Fleto Kg;28,95;2
Beypi Tabaklı Soslu But Pirzola;22,70;2
Keskinoğlu Naget 300G;4,25;2
Keskinoğlu Piliç Kebap 400 G;5,25;2
Cp Piliç Lokum Barbekü Soslu 300G;9,95;2
Cp Piliç Şinitzel 300 G;6,95;2
Banvit Piliç Ciğer Kg;10,45;2
Beypiliç Dondurulmuş Pekin Ördeği Kg;27,95;2
Flotty Tabaklı Organik Bütün Piliç Kg;39,95;2
Şenpiliç Piliç Misket Köfte 260 G;5,95;2
Bolca Hindi Pirzola Kemiksiz Kg;23,90;2
Bolez Köylüm Poşetli Bütün Piliç Kg;15,95;2
Şenpiliç Mangallık Piliç Pirzola Kg;23,95;2
Banvit Poşetli Bütün Piliç Kg;12,95;2
Şenpiliç Piliç Kasap Köfte 260 G;5,95;2
Keskinoğlu Piliç Döner 300 G;7,87;2
Beypi Tabaklı Piliç Fleto Kg;19,95;2
İfantis Kokteyl Domuz Sosis 250 G;43,90;2
İfantis Baharatlı Barbekü Domuz Sosis 400 G;71,90;2
Erşan Dana Kavurma Kg;132,90;2
Polonez Dilimli Kavurma 200 G;33,90;2
Polonez Piliç Jambon Kg;46,90;2
Polonez Özel Lüks Sucuk Kg;109,90;2
Şahin Parmak Sucuk Kg;106,90;2
Polonez Karabiber Kaplamalı Fermente Sucuk 50 G;9,90;2
Polonez Rozbif Kekikli Kg;137,90;2
Namet Fermente Kangal Sucuk 240 G;31,90;2
Gurme Yarım Kangal Acılı Fermente Sucuk 250 G;18,90;2
Polonez Macar Salam Kg;80,90;2
Namet Fermente Kangal Sucuk Acılı Kg;91,90;2
Pınar Aç Bitir Büyük Dilim Jambon 50G;6,25;2
Namet Lüks Pastırma Kg;172,90;2
Yayla - Türk Karabiberli Hindi But Füme 120 G;10,90;2
Şahin Çemensiz Sarımsak Kokusuz Kangal Sucuk 180G;21,90;2
Namet Fermente Kangal Sucuk Kg;91,90;2
Magnum Classic 100 Ml;5,00;3
Pernigotti Sade&karamel Kornet Dondurma 125 Ml;5,00;3
Magnum Mini Classic 360 Ml;19,99;3
Magnum Mini Beyaz 360 Ml;19,99;3
Algida Nogger Oreo Sandwich 105 Ml;4,50;3
Bravo Junior Brownie - Vişne - Fındık - Vanilya 360 Ml;19,99;3
Magnum Mini Classıc - Badem - Beyaz 345 Ml;19,99;3
Magnum Antep Fıstığı 100 Ml;5,50;3
Algida Maraş Usulü Kesme Dondurma 650 Ml;14,99;3
Cornetto Classico Çikolatalı 125 Ml;3,00;3
Pernigotti Stick Sade & Fıstıklı Dondurma 100 Ml;6,00;3
Pernigotti Vanilyalı Dondurma 175 Ml;10,00;3
Cornetto Disc Çikolata 140 Ml;4,50;3
Magnum Crack Classic 440 Ml;27,50;3
Carte D'or Selection Kara Orman Pastası 850 Ml;15,99;3
Roko Çikolatalı 65 Ml;3,00;3
Koska Kağıt Helva 45 G;2,00;3
Sizin İçin Antep Fıstığı - Kakao - Vanilya 1750 Ml;14,50;3
Bravo Junior Belçika Çikolatalı Antep Fıstığı Badem 360 Ml;19,99;3
Algida Maraş Sade Fıstık 500 Ml;12,50;3
İsola Bio Hindistan Cevizi & Pirinç Sütü 250 Ml;13,75;3
Keçici İnek Karamel 230 G;15,25;3
Alpro Soyalı İçecek Çikolatalı 1 L;25,95;3
Alpro Badem Sütü 250 Ml;9,95;3
İçim Organik Süt 200 Ml;2,85;3
İçim Organik Süt 1 L;6,90;3
Isola Bio Şeker İlavesiz Glutensiz Badem İçeceği 1L;38,95;3
Pınar Çocuk Devam Sütü 500 Ml;4,30;3
Nesquik Çilek Süt 180 Ml;1,65;3
Sek Süt 200 Ml;1,80;3
Pınar Çocuk Devam Sütü 200 Ml;2,80;3
Alpro Soya İçeceği Sade Light 1 L;22,95;3
Danone Disney Muzlu Aromalı Süt 6X180 Ml;9,65;3
Fomilk Fındık Sütü 1L;19,90;3
İçim Fit Süt Vanilya 500Ml;4,95;3
Pınar Süt Denge Laktozsuz 1 L;5,60;3
Milupa Junior Sıvı Süt 6X200 Ml;16,90;3
Pınar Protein Laktozsuz Kakaolu Süt 500 Ml;6,95;3
Orvital Organik Yağlı Pastorize Süt 1 L;9,75;3
Danone Disney Çilek Aromalı Süt 6X180 Ml;9,65;3
Anadolu Lezzetleri Kemaliye (Eğin) Dut Pekmezi 375 G;21,90;3
Beeo 180 G Propolis Antep Fıstığı Leblebi Ham Bal;29,90;3
Ülker Çokokrem 450 G;9,55;3
Balparmak Apitera Zen 7X7 G;11,90;3
St. Dalfour Frambuaz Reçeli 284 G;29,90;3
Bonne Maman Ekstra Yaban Mersini Reçeli 370 G;29,95;3
Nesfit Çikolatalı Kahvaltılık Gevrek 400 G;14,75;3
Nar Böğürtlen Reçeli 250 G;17,90;3
Anavarza Keven&kekik Süzme Çiçek Balı 450 G;34,45;3
Ülker Kelloggs Coco Pops Çokotop 200 G;6,75;3
Balparmak Apitera Up 7X7 G;11,90;3
Fiskobirlik Nuga Kakaolu Fındık Kreması 350 G;10,95;3
Lotus Biscoff Spread Smooth 200 G;23,90;3
Nestlé Nesfit Çikolatalı Tahıl Gevreği 550G;16,95;3
Gurmezade Badem Kreması 200 G;19,95;3
Doğalsan Yulaf Kepeği 400 G;9,95;3
Nesquik Çikolatalı Kahvaltılık Gevrek 450 G;11,95;3
Migros Kayısı Reçeli 380 G;4,25;3
Yenigün Bergamot Kabuğu Reçeli 450 G;16,90;3
Balparmak Özel Çiçek Balı 460 G;33,90;3
Naloğlu Trakya Lüx Eski Kaşar Peyniri Kg;57,90;3
Frıco Biberli Füme Peynir 220 Gr;40,99;3
Üçyıldız Kaymaklı Lor Peyniri Kg;17,25;3
Karper Sade 3X108 G;13,45;3
Üçyıldız Dil Peyniri Kg;43,90;3
Torku Üçgen Peynir 100 G;4,55;3
La Vache Qui Rit Üçgen Peynir 24 Porsiyon 300 G;14,95;3
Doğruluk Trakya Eski Kaşar 350 G;34,50;3
Doğruluk Ezine Olgunlaştırılmş Tam Yağlı Beyaz Peynir 525G;38,50;3
Frico Gouda Otlu 220G;39,90;3
G.c. Hollanda Gouda Peynırı Kg;79,00;3
Doğruluk Truva Ezine Keçi Peyniri Kg;49,90;3
F.G. Klasik İnek Peyniri Kg;29,90;3
Vegan Pizza Peyniri 200 G;14,45;3
Cebir Sade Sürk Peyniri 235G;5,75;3
Akpınar Tam Yağlı Olgunlaştırılmış Tulum Peyniri Kg;45,90;3
Bahçıvan Örgü Peyniri 200G;14,90;3
Pınar Kahvaltı Keyfi Tost Peyniri 700 G;32,45;3
La Vache Qui Rit Krem Peynir 290 G;8,65;3
Sek Beyaz Peynir 1000 G;25,90;3
Bizim Probiotik Yoğurt Mayası;10,45;3
Pınar Ekstra Light Yoğurt 150 G;1,90;3
Eker Orman Meyveli Süzme Yoğurt 125 G;3,25;3
Anadolu Lezzetleri Antakya Tuzlu Keçi Yoğurdu 200G;13,90;3
Danone Danino Bisküvili 6X40g;4,95;3
Danone Pro+ Ananas & Yulaf Laktozsuz Yoğurt 180 G;5,75;3
Yörsan Doğal Kaymaklı Tava Yoğurdu 1000 G;9,45;3
Activia Fındık, Kinoa, Buğdaylı Yarım Yağlı Yoğurt 140 G;3,95;3
İçim Kaymaksız Yoğurt 1200 G;8,80;3
Sütaş Babymix Sade 4X100 G;5,45;3
Eker Efsane Yoğurt 350 G;3,50;3
Sütaş Kaymaksız Yoğurt 1000 G;7,45;3
Eker Bidon Yoğurt 2 Kg;10,95;3
Torku Yoğurt 900 G;5,95;3
İçim Kaymaksız Yoğurt 2000 G;12,45;3
Danone Activia Karıştır & Atıştır Çilekli 3X140 G;10,95;3
Pınar Organik Homojenize %3,5 Yağlı Yoğurt 4X125 G;8,50;3
Danone Çilekli Yoğurt 500 G;5,40;3
Danone Disney Bisküvili Milkshake 188 Ml;3,45;3
Sütaş Meyveli Yoğurt Çilek 4X115 G;6,45;3
Lurpak Sürülebilir Tuzlu Tereyağı 250 G;43,90;3
Sana Paket Margarin Hamurişi 250 G;3,95;3
Pınar Tereyağı 250 G;16,95;3
İçim Tuzlu Tereyağı 400 G;21,90;3
Sek Paket Tereyağı 250 G;19,90;3
Lurpak Organik Sürülebilir Yağ 250 G;43,90;3
Sana Paket Margarin Klasik 6X250 G;13,95;3
Sana Paket Margarin Klasik 250 G;2,35;3
Bizim Paket Margarin 250 G;2,50;3
Torku Tereyağ 1 Kg;55,45;3
Sütaş Tereyağı 125 G;8,95;3
Teremyağ Paket Margarin 250 G;3,25;3
Karlıdağ Malatya Tereyağı Tuzlu Kg;40,90;3
Teremyağ Gurme Kaymaklı Paket 250 G;3,95;3
Karlıdağ Suda Köylüm Tereyağı 300 G;19,90;3
Migros Tereyağı 500 G;17,50;3
Migros Tereyağı 1000 G;32,50;3
Elle Vire Tuzlu Tereyağı 200 G;28,90;3
Luna Kase Margarin 500 Gr;7,45;3
Yağda Çekirdeksiz Marineli Yeşil Zeytin 5 Kg;27,90;3
Midilli Marineli Çizik Yeşil Zeytin 5 Kg;27,90;3
Gür Doğal Salamura Siyah Zeytin 261-290 Ad/kg;27,90;3
Anadolu Lezzetleri Hatay Avcarlı Halhali Zeytini 330 G;16,90;3
Alyattes Organik Çizik Yeşil Zeytin 450 G 141 - 160 Ad/kg;23,90;3
Hisarönü Ege Zeytin Salatası 450 G;21,90;3
M Life Organik Siyah Zeytin 261 - 320 Ad/kg 450 G;26,90;3
Fora Dilimli Yeşil Zeytin 160 G;8,90;3
Cem Çizik Yeşil Zeytin 400 G 261-290 Ad/kg;10,50;3
Migros Doğal Siyah Zeytin 450 G 291-350 Ad/kg;6,95;3
Fora Gemlik Sele Zeytin 500 G 351-380 Ad/kg;19,90;3
Marmarabirlik Lüks 3Xs 381-410 Doğal Salamura Cam 1 Kg;22,75;3
Zertum Organik Sele Zeytin 900 G 230 - 260 Ad/kg;46,90;3
Fora Light Zeytin 430 G 141-180 Ad/kg;12,90;3
Adra Bodrum Çizik Yeşil Zeytin 111-140 Ad/kg;23,90;3
Cem Ayvalık Taş Kırma Zeytin 291 - 350 Ad/kg;19,50;3
Cem Gemlik Sele Siyah Zeytin 261 - 290 Ad/kg;24,90;3
Cem Domat Kırma Yeşil Zeytin 111 - 140 Ad/kg;20,90;3
Marmarabirlik Hiper Zeytin 500 G 231 - 260 Ad/kg;18,90;3
Marmarabirlik Sade Zeytin Ezmesi 340 G;7,90;3
Doğalım M - Orta Boy Yumurta 6'Lı ( 53 - 62 G );7,25;3
Keskinoğlu Free Range M 10'Lu Yumurta;8,95;3
Güres Bıldırcın Yumurta 12'Li;2,95;3
Flotty Sports Organik Yumurta 8'Li ( 53 - 62 G );16,95;3
Yumurtacım Omega 3 10'Lu M Boy Yumurta (53-62 G);9,95;3
Güres M - Orta Boy Yumurta 30'Lu ( 53 - 62 G );12,95;3
Yumurtacım 30'Lu L Boy Yumurta (63-72 G);19,95;3
Yumurtacım 20'li Xl Yumurta (73 G Ve Üzerı);17,95;3
Tire Organik Yumurta 10'Lu M Boy (53-62) G;14,95;3
Flotty Loves  Organik Yumurta 6'Lı M Boy (53-62) G;11,45;3
Flotty Herbs Organik Yumurta 8'Li ( 53 - 62 G );16,95;3
Raya Organik M Boy Yumurta 8'Li (53 - 62 G);13,95;3
Cityfarm Organik 10'Lu M Yumurta ( 53 - 62 G );17,25;3
Yumurtacım 15'Li L Boy Yumurta (63-72 G);7,95;3
M Life Organik 10'Lu M - Orta Boy Yumurta ( 53-62 G );11,95;3
Flotty Organik M - Orta Boy Yumurta 8'Li ( 53 - 62 G );14,50;3
Orvital Organik 10'Lu M Orta Boy Yumurta ( 53-62 G );17,90;3
Fol Play 8'Li M Boy Yumurta ( 53-62 G);8,45;3
Kor Organik 10'Lu M Orta Boy Yumurta ( 53-62 G );15,95;3
Yumurtacım 6'Lı M Boy Yumurta (53-62 G);4,95;3
Pakmaya Çikolatalı Sos 125 G;3,20;3
Fo Frambuaz Toping 350 G;10,00;3
Fo Karamel Toping 350 G;9,00;3
Dr. Oetker Jel Renklendirici Sarı 10 G;5,75;3
Dr. Oetker Dolgu Kreması Vanilyalı 55 G;1,95;3
Hochwald Sprey Krema 250 Ml;23,75;3
Pakmaya Pasta Kreması Çikolatalı 162 G;5,65;3
Dr. Oetker Krem Şanti Toz Karışım 2X75g + Kakao Tozu 25G;5,40;3
Danone Danissimo Çikolatalı 125 G;4,40;3
Pakmaya Pasta Kreması Sade 140 G;5,65;3
Pamukkale Gurme Manda Kaymağı Kg;112,50;3
Danone Danissimo Yabanmersinli Cheesecake 125G;4,40;3
Pınar Çikolatalı Sos 330 G;7,50;3
Eker Çikolatalı Puding 80 G;2,25;3
Eker Keşkül 150 G;3,45;3
Eker Sütlaç 150 G;3,45;3
Migros Fırın Sütlaç 200 G;2,45;3
Fo Dekor Topping Çikola 750 G;10,75;3
Fo Frambuaz Topping 1 Kg;20,00;3
Dr. Oetker Kakaolu Süsleme Kreması 140G;14,95;3
Yudum Egemden Riviera Zeytinyağı 3 L;96,95;4
Yudum Egemden Riviera Zeytinyağı 1 L;35,50;4
Tarım Kredi Birlik Riviera Zeytinyağı 1 L;27,90;4
Tarım Kredi Birlik Naturel Sızma Zeytinyağı 2 L;64,95;4
Tariş Naturel Birinci Zeytinyağı 500 Ml Keramik Şişe;36,95;4
Yudum Egemden Çikolata Aromalı Zeytinyağı 250 Ml;31,90;4
Komili Sızma Zeytinyağı 2 L;69,95;4
Komili Riviera Zeytinyağı 5 L Teneke;121,95;4
Yudum Egemden Sızma Zeytinyağı 500 Ml Ayvalıklı Kadınlar;65,90;4
Fiskobirlik Fındık Yağı 2 L;53,90;4
Tariş Kuzey Ege Sızma Zeytinyağı 0,5 Asit 500 Ml;39,95;4
Tariş Kuzey Ege Sızma Zeytinyağı 750 Ml;32,95;4
Fiskobirlik Fındık Yağı 3 L Teneke;68,90;4
Madra Natürel Sızma Zeytinyağı 2 L;42,35;4
Tariş Natürel Sızma Zeytinyağı Sprey Şişe 150 Ml;15,95;4
Kristal Meraklısına Özel Ayvalık Sızması 500 Ml Cam Şişe;41,90;4
Tariş Güney Ege Sızma Zeytinyağı 2 L;68,95;4
Kristal Natürel Sızma Zeytinyağı Dolgun Güçlü 1 L Cam Şişe;37,90;4
Salat Ayçiçek Yağı 5 L Teneke;33,90;4
Komili Riviera Zeytinyağı 500 Ml (Pet Şişe);19,95;4
Migros Biberli Çeşni 40 G;13,95;4
Knorr Köfte Harcı İnegöl 84 G;6,50;4
Knorr Pane Harcı 100 G;3,75;4
Migros Tütsü Aromalı Tuzlu Çeşni 90 G;13,95;4
Arifoğlu Pul Biber 50 G ( Cam );10,95;4
Bağdat Hardal Selection 60 G;11,25;4
Migros Sofrada Öğütme Deniz Tuzu 100 G;13,95;4
Bağdat Yeni Bahar 40 G;5,50;4
Bağdat Toz Acı Biber 75 G;5,95;4
Bağdat Kuş Üzümü 40 G;4,95;4
Bağdat Salata & Sebze Çeşnisi Değirmen 45 G;13,95;4
Bağdat Tavuk Çeşnisi Değirmen 45 G;13,95;4
Migros Fesleğenli Çeşni 40 G;13,95;4
Arifoğlu Nane 80 G;7,50;4
Knorr Baharatlı Sebzeli Çeşni 135 G;9,90;4
Arifoğlu Karabiber 40 G;6,55;4
Bizim Mutfak Köfte Harcı 2'Li Paket 85 G;4,35;4
Migros Et Baharatı Karışımı 40 G;13,95;4
Arifoğlu Tarçın 50 G;5,75;4
Migros Sofrada Öğütme Himalaya Tuzu 100 G;13,95;4
Karışık Lüks Kg;47,90;4
Antep Fıstığı Kg;99,90;4
Karışık Extra Kuruyemiş Kg;66,90;4
Canpare Fındık Kremalı Bisküvi 81 G;1,25;4
Tivoli Çikolatalı Kurabiye 150 G;19,50;4
Tivoli Portakallı Çikolatalı Kurabiye 150 G;19,50;4
Jacobsens Tereyağlı Kurabiye 150 G;19,50;4
La Fiesta Salsa Sos 315 G;23,90;4
Mısır Kavurga Kg;19,90;4
Eti Topkek Meyveli 40 G;0,75;4
Eti Popkek Hindistan Cevizli Kek 60 G;1,00;4
Oreo Bisküvi 228 G 6'Lı Paket;8,95;4
Chips Master İncecik Klasik Süper Boy Cips 92 G;4,00;4
Torku Tam Süt Kremalım 83 G;1,50;4
Çerezza Süt Mısır Süper Boy 121 G;4,75;4
Ülker Olala Sufle Mini 162 G;5,00;4
Mulino Bianco Zeytinli Yaprak Galeta/ Sfoglie Olive 160 G;14,95;4
Albeni Çikolata Kaplamalı Kek 43 G;1,25;4
Doritos Nacho Mısır Cipsi Parti Boy 154 G;6,00;4
Torku Kremalı Bisküvi Sade 272 G;3,50;4
Zero Nar Ve Kiraz Aromalı Tatlandırıcılı Şeker 32G;10,25;4
Takita Tablet Tatlandırıcı 300 Adet 18 G;12,95;4
Takita Fruktoz Meyve Şekeri 500 G;26,90;4
Koska Diyabetik Fıstıklı Helva 350 G;21,95;4
Takita Ice Mint Nane Ve Mentol Aromalı Tablet Şekerleme 12 G;4,95;4
Canderel Toz Tatlandırıcı 75 G;26,50;4
Koska Dıabetik Çilek Reçeli 240 G;8,95;4
Koska Light Helva 350 G;17,95;4
Koska Şeker İlavesiz Gül Aromalı 160 G;8,25;4
M Life Diabetik Turunç Reçeli 290 G;8,50;4
Takita Stevia Prebiyotik Lifli Tatlandırıcı 500 G;45,25;4
Takita Tablet Tatlandırıcı 650 Adet 32 G;15,75;4
Diablo Tatlandırıcılı Fındıklı Bitter Çikolata 85 G;29,75;4
Zero Okaliptus Şekersiz Tatlandırıcılı Şeker 32 G;10,25;4
Canderel Green 100'Lü Tablet Tatlandırıcı 9 G;26,50;4
Koska Dıabetik Kayısı Reçeli 240 G;8,95;4
M Life Diabetik Çilek Reçeli 290 G;7,95;4
Koska Dıabetık Vişne Reçeli 240 G;8,95;4
M Life Diabetik Vişne Reçeli 290 G;7,95;4
Diablo Tatlandırıcılı Fındıklı Bar 30 G;11,50;4
Yaprak Sarma Kg (Mz);47,90;4
Haydari Kg (Mz);48,50;4
Acılı Ezme Kg (Mz);48,50;4
Patlıcan Ezmesı Kg (Mz);54,90;4
Mezzetürk Rus Salatası 300 G;2,70;4
Biberes Ev Acıkası 200 G;7,15;4
Mister No Etsiz Çiğ Köfte Dürüm 180 G;4,90;4
Mister No Klasik Kaşarlı Üçgen Sandviç 140 G;9,90;4
Arnavut Ciğeri Kg (Mz);84,90;4
Patlıcan Salatası Kg (Mz);54,90;4
Dardanel Barbunya Pilaki 270 G;12,90;4
Mezzetürk Patlıcan Ezme 300 G;5,25;4
Mezzetürk Haydari 300 G;5,25;4
Tada Ezogelin Çorbası 500 Ml;6,75;4
Mister No Gurme Mozarella Jambon Üçgen Sandviç 140 G;11,90;4
Dr.lezzetlim Dana Jambonlu Mozzarellalı Sandvç 160G;11,50;4
Mister No Klasik  Kaşar Salam Üçgen Sandviç 145 G;9,90;4
Mister No Kaşarlı Tavuk Fümeli Sandviç 135 G;5,90;4
Dardanel İşkembe Çorbası 500 G;12,90;4
Dardanel Fırında Kıymalı Makarna 260 G;20,90;4
Bodrum Mandalina Lokumu 400 G;17,50;4
Anadolu Lezzetleri Kastamonu Terayağlı Çekme Helva 240 G;17,95;4
Oneo Slims Nane Aromalı Tatlandırıcılı Sakız 14 G;1,50;4
First Sensations Çilek Aromalı Sakız 27 G;3,25;4
First Damla Sakızlı Şekersiz Sakız 27 G;3,25;4
First Fresh And Clean Buz Serinliği Nane Aromalı Sakız 20 G;3,75;4
Vivident Full Fresh Xylit Mega Bottle 96 G;14,95;4
Rocco Strip Keskin Nane 9 G;3,00;4
Ülker Yupo Çokojelo Portakal 20 G;0,75;4
First Hat-Trick Sakız 27 G;3,25;4
Kent Olips C Vitaminli 76 G;3,00;4
Pulmoll Portakal Aramolı Şeker 45 G;16,00;4
Ülker Yupo Çokojelo Böğürtlen 20 G;0,75;4
Ülker Kremini Şeker Çilekli 44 G;1,00;4
Vivident Extra 26 G;5,65;4
Mentos Sakız Draje Şeker Meyveli 100G;8,95;4
Yupo Jelly Jungle 80 G;1,90;4
Kent Olips Orman Meyveleri Aromalı 28 G;1,45;4
Kent Olips Mini Mints Nane Aromalı 12.5 G;2,00;4
Oneo Slims Yeşil Nane Aromalı Tatlandırıcılı Sakız 14 G;1,50;4
Sun / Fit Tunus Hurması 200 G;5,50;4
Qitaf Medjoul Hurma 300 G;17,90;4
Funny Meşruk Hurma 300 G;9,50;4
Funny Mebrum Hurma 300 G;17,50;4
Anadolu Lezzetleri Uşak Sarı Mercimek 500 Gr;10,75;4
Anadolu Lezzetleri Kızıltepe Kırmızı Mercimek 500 G;5,50;4
Anadolu Lezzetleri Yozgat Sultani Yeşil Mercimek 500 G;7,50;4
Yayla Barbunya 2 Kg;39,95;4
Yayla Kırık Pirinç 1 Kg;4,65;4
Pastavilla Kalem Makarna 500 G;3,40;4
Nuh'Un Ankara Köftelik Bulgur 1000 G;5,75;4
Migros Nohut 1000 G;7,25;4
Nuhun Ankara Kepekli Burgu 350 G;2,55;4
Barilla Mezze Penne Tricolore Makarna 500 G;11,75;4
Barilla Academia Sade Kesme Makarna 500 G;16,50;4
Yayla Bombay Fasulye1 Kg;20,95;4
Nuhun Ankara Kepekli Spaghetti 350 G;2,55;4
Pastavilla Bukle Makarna 500 G;3,40;4
Noba Barbunya 1000 G;18,45;4
Arbella Family Okyanus Serisi 350 G;2,40;4
Banetti Sebze Çeşnili Bardak Noddle 65 G;4,75;4
Pastavilla Gold Lazanya 500 G;13,90;4
Sıra Çiğ Köfte Seti Patates Püreli 500 G;9,40;4
Pastavilla Tel Şehriye 500 G;3,40;4
Zel Kremalı Mantar Çorbası 480 Ml Cam Kavanoz;14,95;4
Knorr Siyez Bulgurlu Terbiyeli Tavuk Çorbası 98 G;5,45;4
Knorr Tavuk Bulyon 12'Li 120 G;3,45;4
Yayla Pratik Çorba Kinoalı Mercimek Çorbası 180 G;4,75;4
Knorr Çabuk Çorba Ezogelin 22 G;1,45;4
Bizim Mutfak Ezogelin Çorbası 65 G;2,70;4
Bizim Mutfak Domates Çorbası 65 G;2,70;4
Zel İlikli Kemik Sulu Kelle Paça Çorbası 480 Ml;16,95;4
Bizim Mutfak Tavuk Suyu Bulyon 12 Adet;3,55;4
Knorr Et Suyu Bulyon 12'Li 120 G;3,45;4
Bizim Mutfak Yayla Çorbası 65 G;2,70;4
Bizim Mutfak Siyez Buğdayı Çorbası Karışımı 107,5 G;4,95;4
Yayla Pratik Çorba Kinoalı Tarhana Çorbası 120 G;4,75;4
Knorr Hazır Çorba Şehriyeli Tavuk Çorbası 51 G;2,75;4
Yayla Pratik Çorba Keten Tohmlu Tarhana Çrbsı 120G;4,75;4
Knorr Çabuk Çorba Kremalı Tavuk 5'Li Paket;6,95;4
Knorr Tavuk Suyu Cam 480 Ml;14,95;4
Knorr Hazır Çorba Tarhana Çorbası 74 G;2,75;4
Bizim Mutfak Kremalı Tavuk Çorbası 65 G;1,75;4
Bizim Mutfak Kemik Suyu Bulyon 120 G;4,75;4
Superfresh Bamya 450 G;17,60;4
Dardanel Çıtır Sardalya 400 G;22,95;4
Pınar Milföy 1 Kg;10,95;4
Dardanel Fish Fingers 240 G;16,90;4
Nefista Fındık Lahmacun 320 G (10 Adet);23,90;4
Nefista İçli Köfte 250G;23,90;4
Pınar Paçanga Böreği 270G;17,95;4
Superfresh Tereyağlı Milföy Hamuru 1 Kg;15,00;4
Dardanel Midye Tava 300 G;27,50;4
Superfresh Egeden Sultani Bamya 450G;20,30;4
Superfresh Peynirli Tepsi Böreği 800 G;20,50;4
Pınar Çıtır Balık 400 G;29,95;4
Superfresh Dondurulmuş Piliç Şinitzel 300G;15,20;4
Feast Vişne 400 G;22,95;4
Glutensizada Mantı 300 G;18,25;4
Dr. Oetker Pizza Speciale 4'Lü Mini Pizza 720 G;20,95;4
Nelipide Çikolatalı Pide 3 Adet 375 G;20,95;4
Nelipide Kıymalı 3 Adet 375 G;22,45;4
Feast Milföy 1 Kg;13,95;4
Feast Küp Soğan 450 G;7,90;4
Çaylık Tahinli Kurabiye 250 G;13,90;4
Su Böreği Kg;32,90;4
Tatlı Kuru Pasta Special Kg;46,70;4
Bonat Sodyum Bikarbonat 140 G;5,50;4
Uno Grissuno Yulaflı Karabuğdaylı 150 G;8,50;4
Pakmaya Bitter Parça Çikolata  75 G;6,00;4
Pakmaya Tavuk Göğsü 130 G;2,40;4
Kenton Karamelize Fındık 85 G;9,90;4
Kireçburnu Çay Kurabiyesi Tarçın Karanfil 200 G;8,95;4
Eriş Un 1 Kg;4,95;4
Pakmaya 10'Lu Hamur Kabartma Tozu 100 G;2,00;4
Dr. Oetker Limon Sıvı Aroma Verici 38Ml;5,35;4
Pakmaya Pasta Dünyası Sıvı Jel Sade 250 G;8,25;4
Pakmaya Mayalı Kakaolu Kek Harcı 46G;3,25;4
Migros Mısır Unu 250 G;2,20;4
Asil Fırın Gurme Kakaolu Cookie 8'Li 400 G;15,95;4
Arı Crostini Karışık Sebze Çeşnili Kıtır 100 G;2,75;4
Kenton Karamel Küpleri 85 G;6,95;4
Doğalsan Kaba Buğday Kepeği 300 G;4,95;4
Asil Fırın Gurme Çikolata Parçalı Cookie 8'Li 400 G;15,95;4
Lindt Excellence Susamlı Bitter 100 G;22,50;4
Reeses Yerfıstığı Dolgulu Sütlü Çikolata 2'Li 42 G;9,90;4
Ritter Sport Bisküvili Çikolata 100 G;16,95;4
Nestlé Damak Antep Fıstklı Sütlü Kare Çikolata 65G;6,00;4
Fellas Kakao Ve Hindistan Cevizli Protein Bar 45 G;8,95;4
Torku Çokofest Frambuazlı Çikolata 40 G;1,25;4
Züber Antep Fıstıklı Çikolatalı Meyve Bar 40 G;4,95;4
Eti Hoşbeş Ananaslı 66 G;2,00;4
Nestle Antep Fıstıklı Sütlü Çikolata Baton 30 G;2,75;4
Nestle Bitter Çikolata Baton 30 G;2,15;4
Eti Karam Santo Domingo Bitter Çikolata 68 G;11,95;4
Nestle 1927 Fındıklı Sütlü Çik Kaplı Gofret 30.5G;1,50;4
Fellas Optimum Fındıklı Ve Kakaolu Meyve Barı 32G;4,95;4
Hoşbeş Kakaolu 70 G;1,75;4
Ritter Sport Fındıklı Tablet Çikolata 100 G;18,95;4
Tadım Bar Portakallı Bademli 30G;3,00;4
Kinder Surprise 20 G;5,75;4
Milka Yer Fıstıklı Karamel Dolgulu Sütlü Çik 37G;3,25;4
Kinder Chocolate 4'Lü 50 G;4,50;4
Eti Hoşbeş Sütlü Kakaolu 142 G;2,95;4
Bigjoy Proteinli Sade Kraker 42 G;6,95;4
City Farm Organik Nar Suyu 250 Ml;4,20;4
Doğalsan Organik Tam Yulaf Unu 1000 G;13,75;4
Le Pain Des Fleurs Organik Glutensiz Hindistan Cevizi;38,75;4
Bjorg Organik Tam Taneli Yulaf Gevreği 500 G;41,90;4
Mini Baget Ekmek 150 G ( 2X75 G );19,90;4
Qnt Hindistan Cevizi Aromalı Protein Bar 35 G;9,95;4
City Farm Organik Çam Balı 480 G;46,75;4
Protein & More Fındık Kreması 200G;21,90;4
The Protein Works Protein Coffee Coolers Spor Gıdası 500 G;119,95;4
Barilla Glutensiz Fusilli 400 G;17,95;4
Ege Glutensiz Çilekli Kinoalı Puding 125 G;3,25;4
Black Bear Multivitamin İçeceği Kutu 250 Ml;1,75;4
City Farm Organik Yulaf Ezmesi 500 G;17,50;4
Rummo Organik Kepekli Penne 500G;20,50;4
Bigjoy Proteinli Fıstık Ezmesi/Şeker İlavesiz 360 G;39,90;4
City Farm Organik Yer Fıstığı Ezmesi 300 G;22,90;4
City Farm Organik Tahin 350 G;22,50;4
Qnt Limon Ve Macaron Aromalı Spor Gıdası 500 G;99,95;4
Doğalsan Organik Tam Çavdar Unu 1000 G;11,95;4
Irmak Küp Şeker 1 Kg;5,45;4
Takita Kahverengi Toz Şeker 500 G;10,75;4
Torku Pudra Şekeri 250 G;3,75;4
Doğuş Toz Şeker 3 Kg;15,95;4
Great Mountaın Hindistan Cevizi Şekeri 180 G;13,95;4
Migros Esmer Küp Şeker 750 G;7,95;4
Migros Kahverengi Şekilli Şeker 500 G;5,95;4
Dr.oetker Pudra Şekeri 250 G;4,95;4
Doal Meyveden Şeker 500 Ml;12,95;4
Doğuş Toz Şeker 1 Kg;5,45;4
Doal Meyveden Şeker 7 Ml X 12;4,95;4
Irmak Kristal Toz Şeker 3 Kg;15,50;4
Doğuş Küp Şeker 1 Kg;5,45;4
Migros Toz Şeker 5 Kg;20,75;4
Takita Kahverengi Küp Şeker 500 G;11,50;4
Dr.oetker Pudra Şekeri Kilitli Ambalaj 150 G;3,50;4
Torku Şeker Tanesi Toz Şeker 5 Kg;24,50;4
Migros Küp Şeker 1 Kg;4,45;4
Migros Esmer Toz Şeker 500 G;5,95;4
Migros Toz Şeker 3 Kg;12,75;4
Kühne Greyfurtlu Elma Sirkesi 500 Ml;12,90;4
La Fiesta Çedar Peynirli Sos 300 G;16,95;4
Kikkoman Soya Sos 150 Ml;23,90;4
Kikkoman Teriyaki 250 Ml;33,90;4
Barilla Pesto Sicilinna Makarna Sosu 190 G;14,15;4
Fersan Detox Hurmalı Sirke 500 Ml;14,90;4
Heinz Hardal Mild 445 G;16,45;4
Berrak Karışık Turşu 720 G;6,70;4
Calve Acılı Ketçap 600 G;7,50;4
Berrak Dobipa Sos 310 G ( Ajvar );9,90;4
Heinz American Burger Sos 230 G;9,95;4
Tat Babagannuş 300 G;8,90;4
Dardanel Ventresca 125 G;24,90;4
Hellmanns Ketçap 290 G + Mayonez 235 G Mini Set;14,95;4
Pınar Mayonez 350 G;7,50;4
Pınar Ketçap Acılı 600 G;6,95;4
Tat Ayşe Fasulye 830 G;6,50;4
Kühne Gümüş Soğan 320 Cc;10,45;4
Kühne Az Tuzlu Soya Sosu 750 Ml;17,90;4
Kühne Paprikano Sos 350 G;8,90;4
Coca-Cola Coffee 250ML Kutu;3,45;5
Coca-Cola Şekersiz 250ML Kutu;2,39;5
Sprite Gazoz 250 Ml Kutu;2,45;5
Burn 4X250 Ml;16,95;5
Coca-Cola Light 1L;3,50;5
Pepsi Max Pet 4X1 L;11,95;5
Yedigün Mandalina Pet 1.5 L;3,95;5
Pepsi Light Kutu 250 Ml;2,40;5
Schweppes Lıme&mınt 250 Ml Şişe;2,95;5
Fruko Gazoz Pet 2.5 L;4,25;5
Schweppes Mandalina 1 L;4,45;5
Çamlıca Light 1 L;3,45;5
Pepsi Cola Max Pet 1.5 L;3,95;5
Coca-cola Can 10X200 G;17,50;5
Yedigün Portakal Pet 4X1 L;12,95;5
Uludağ Portakal 2,5 L;5,70;5
Black Bruin Enerji İçeceği 500 Ml Kutu;3,95;5
Red Bull 6X250 Ml Enerji İçeceği;33,45;5
Beyoğlu Karışık Meyve Aromalı Gazoz 6X250 Ml;11,50;5
Pepsi Cola Kutu 12X250 Ml;22,90;5
Pressh Naneli Limonata 750Cc;9,95;5
Pressh Acılı Vişne 500Cc;9,25;5
Pressh Greyfurt Suyu 500Cc;8,45;5
Pressh Greyfurt Suyu 200Cc;4,45;5
Pressh Zencefilli Limonata 330Cc;5,95;5
Pressh Zencefilli Limonata 1000C;12,25;5
Pressh Naneli Limonata 500Cc;6,45;5
Pressh Greyfurt Suyu 750 Cc;12,95;5
Altınkılıç Laktozsuz Ayran 1 L;4,75;5
İçim Bardak Ayran 200 Ml;1,10;5
Eker Ayran 330 Ml ( Cam Şişe );2,75;5
Sütaş Pratik Şişe Ayran 1 L;4,50;5
İçim Sade Kefir 260 Ml;3,25;5
Eker Tombul Ayran 195 Ml;1,35;5
Eker Kefir 1 L;7,25;5
Migros Bardak Ayran 300Ml;0,90;5
Sek Ayran 2 L;8,45;5
Ateşoğlu Natural Ayran 1,5 L;5,99;5
İçim Ayran 1000 Ml;4,90;5
Altınkılıç Orman Meyveli Kefirix 250 Ml;3,25;5
Hazer Baba Elma Çayı 908 G;47,00;5
Lipton Ice Tea Mango Ve Exotic Meyve Pet 1 L;3,90;5
Fo Misket Limonu Aromalı Şurup 700 Ml;33,00;5
Fo Pina Colada Mix 700 Ml;16,50;5
Nescafe Xpress Vanilya 250 Ml;6,75;5
House Of Mixes Cosmopolitan Mix Limonlu Vişneli Şurup 1L;22,90;5
House Of Mixes Margarita Mix Limonlu Elmalı Şurup 1L;22,90;5
Tropicana Bursa Şeftali Nektarı 1 L;4,25;5
Starbucks Doubleshot Espresso + Milk Şekersiz 200 Ml;13,00;5
Tropicana Anadolu Karışık Meyve Nektarı 200 Ml;1,20;5
Doğanay Limonata 300 Ml;1,89;5
Exotic Smoothic Armut- Şeftali- Elma- Portakal- Muz 250 Ml;6,50;5
Fuse Tea Karpuz 330 ML;2,50;5
Lipton Ice Tea Şeftali Kutu 4X250 Ml;7,95;5
Tropicana Bursa Şeftali Nektarı Kutu 330 Ml;3,00;5
Dimes %100 Portakal Suyu 1 L;6,45;5
Fuse Tea Mango - Ananas Pet 1L;3,45;5
Didi Limon Aromalı Soğuk Çay 330 Ml;2,25;5
House Of Mixes Bloodymary Mix Domatesli Limonlu Şurup 1L;22,90;5
Tamek Vişne Nektarı 1 L;6,35;5
Erikli Doğal Kaynak Suyu Cam 330Ml;2,90;5
Pınar Yaşam Pınarım Su Pet Şişe 0,5 L;1,10;5
Abant Doğal Kaynak Suyu 5 L;2,25;5
Hayat Su Bebekler İçin 6X330 Ml;9,25;5
Erikli Doğal Kaynak Suyu Cam 750 Ml;4,90;5
Pınar Yaşam Pınarım Su Pet Şişe 5 L;4,50;5
Nestle Pure Life Su 0,5 L;1,00;5
Damla Doğal Kaynak Suyu 750 Ml;5,00;5
Hayat Su 300 Ml ( Sporcu Kapaklı );1,95;5
Damla Doğal Kaynak Suyu 1,5 L;1,95;5
Uludağ Doğal Kaynak Suyu Cam 750 Ml;6,50;5
Uludağ Doğal Kaynak Suyu Cam 330 Ml;3,40;5
Damla Doğal Kaynak Suyu 500 Ml;0,95;5
Erikli Su 10 L;8,95;5
Hayat Su 0,75 L;2,85;5
Pınar Doğal Kaynak Suyu 0.33 L;0,85;5
Erikli Su 1,5 L;2,25;5
Pınar Yaşam Pınarım Sporcu Kapak 750Ml;2,25;5
Erikli Su 5 L;4,60;5
Hayat Su İltifatlar 750 Ml;2,25;5
Nesquik Çilekli Ekonomik Paket 180 G;4,95;5
Tchibo Cafissimo Ethiopia 10Lu Kapsül Kahve 70 G;22,95;5
Çaykur Çay Çiçeği 200 G;6,45;5
Nescafe 3'Ü 1 Arada Extra 10'Lu Paket;6,75;5
Café Crown Fındık Aromalı Latte 17 G;0,90;5
Lavazza Esp.decıso Intensıa (10) 10'Lu Kapsul 50 G;39,90;5
Lavazza Leggero Intensita (4) 10'Lu Kapsul 55 G;39,90;5
Lavazza Avvolgente Intensıta(5) 10'Lu Kapsul 55 G;39,90;5
Nescafe 3'Ü 1 Arada Kahve 20'Li + Cam Kavanoz;11,90;5
Nescafe 3'Ü 1 Arada 10'Lu Paket;5,95;5
Doğuş Karadeniz Export Çay 1000 G;32,95;5
Doğadan Gizli Bahçe Bardak Poşet Çay 100'Lü;31,25;5
Cezbeli Türk Kahvesi 168 G ( 24 Adet );14,25;5
Migros Adaçayı Bardak Poşet Çay 20'Li;3,50;5
Nesquik Stick 14,3 G 7'Li Paket;4,95;5
Kocatepe Dibek Türk Kahvesi 100 G;9,45;5
Doğadan Geleneksel Karadeniz Bardak Poşet Çay 100'Lü;23,25;5
Cezbeli Türk Kahvesi 100 G;6,40;5
Coffee Mate Kahve Beyazlatıcı Ekonomik Paket 100 G;4,50;5
Dr.oetker Milkshake Çikolatalı 30 G;1,10;5
Uludağ Frutti Extra Armut 250 Ml;3,05;5
Damla Minera 330 Ml Şişe;2,95;5
Abant Doğal Mineralli Su 0.33 L;2,60;5
Kızılay Limon Aromalı Maden Suyu 6X200 Ml;7,90;5
Damla Minera Limon Aromalı 6X200 Ml;5,95;5
Migros Limon Doğal Zengin Mineralli İçecek 6X200 Ml;3,95;5
Sırma C+ Mandalinalı 6X200 Ml;8,25;5
Uludağ Premium 6X250 Ml;21,00;5
Akmina Elma Aromalı Maden Suyu 6X200 Ml;7,35;5
Kızılay Premium Mandalina 6X250 Ml;9,90;5
Sırma C+ Vitaminli Limon Aromalı 750 Ml;4,05;5
Kızılay Maden Suyu 6X200 Ml;4,35;5
San Pellegrıno Limonata 200 Ml.;3,95;5
Uludağ Frutti Extra Tropik 250 Ml;3,05;5
Uludağ Frutti Extra Orman Meyveli 250 Ml;3,05;5
Akmina Maden Suyu 6X200 Ml;8,25;5
Akmina +C Vitaminli Limon Aromalı Maden Suyu 6X200 Ml;7,50;5
Perrier Doğal Mineralli Su 200 Ml;3,95;5
Uludağ Frutti Elma 6X200 Ml;9,15;5
Akmina Maden Suyu Pet Şişe 6X330 Ml;9,00;5
Pril Bulaşık Makinesi Temizleyici 250 Ml;17,25;6
Finish Çift Etkili Makine Temizleyici 250 Ml;27,95;6
Pril Hepsi Bir Arada Bulaşık Makinesi Tableti 78'Li;56,90;6
Finish Çift Etkili Makine Temizleyici Limon 250 Ml;27,95;6
Fairy Platinum Plus Tablet 40'Lı 621 G;57,90;6
Pril Sıvı Bulaşık Deterjanı Elma 1350 G;12,90;6
Pril Bulaşık Makinesi Tuzu 1,5 Kg;8,90;6
Finish Power&Free Parlatıcı 800 Ml;19,90;6
Fairy Hepsi Bir Arada Limon 70 Yıkama Makine Kapsülü;62,90;6
Finish %0 Parlatıcı 800 Ml;27,90;6
Fınısh H1a 65 Tablet;59,50;6
Fairy Sıvı Bulasık Deterjanı Limon 6X650 Ml;32,90;6
Finish Hepsi Bir Arada Jel Limon 1000 Ml;48,90;6
Fairy Platinum Bulaşık Makinesi Deterjanı Kapsülü Limon Kokulu 33 Yıkama;39,95;6
Fairy Sıvı Nar 1350 ml;14,90;6
Migros Sıvı Bulaşık Deterjanı Limon Kokulu 4000 Ml;16,95;6
Fairy Sıvı Bulaşık Deterjanı Elma 1350 Ml;15,50;6
Pril Hepsi Bir Arada Jel 60 Yıkama 1.080 Ml;32,90;6
Finish Paşabahçe H1a 35 Tab 560 G + Parlatıcı 400Ml;55,90;6
Finish Parlatıcı 250 Ml;9,95;6
Doğrular Kurutmalık Elvira;199,00;6
Filpa 6Lı Küçük Boy Elbise Torbası;12,90;6
Ckc 10'Lu Silikon Mandal;7,90;6
Leva 6'Lı Plastik Elbise Askısı;12,90;6
Perilla 3 Katlı Kapı Arkası Kurutmalık(17018);79,90;6
Ckc İpek Çamaşır İpi 20 M;4,95;6
Touch Me Martı Kurutmalık 60X160x115 Cm;89,90;6
Perilla Houseplus Kurutmalık (Ld-2001);59,90;6
Leva 3'Lü Kristal Elbise Askısı;12,90;6
Touch Me Lodos Ütü Masası;229,00;6
Ckc 24'Lü Eko Mandal;4,95;6
Filpa 6Lı Büyük Boy Elbise Torbası;16,90;6
Parex Plastik Elbise Askısı Çocuk;12,90;6
Perilla Rachel Ütü Masası 40X120cm(15023);169,90;6
Touch Me Ahşap Askı 6'Lı;29,90;6
Yıldız Askı 6'Lı;19,90;6
Marc Yoğun Parfüm Yüzey Temizleyici Kır Esintisi 2,5 L;14,90;6
Glade Oto Kokusu Floral Buket Yedek;17,90;6
Glade Parfüm Damlaları Sabah Tazeliği 2.75 Ml;5,95;6
Glade Parfüm Damlaları Sandal Ağacı 2.75 Ml;5,95;6
Glade Oto Kokusu Floral Buket;32,90;6
Odorfin Koku Mıknatısı;8,95;6
Air Wick Freshmatik Lavanta Kokusu Ve Dağ Esintisi Ferahlığı Yedek Şişe;20,90;6
Air Wick Freshmatik Bahar Çiçekleri Yedek Şişe;20,90;6
Detan Maxi Böcek İlacı 250 Ml;27,90;6
Airwick Freshmatic Yedek Tekli Orman Yolu;20,90;6
Defans Sinek Kovucu Vücut Losyonu Su Bazlı;10,25;6
Just Green Organic Yüzey Temizleyici 1 L;19,90;6
Bref Premıum Şeftali & Kırmızı Elma Tekli Paket;9,50;6
Jet Ütü Kolası Tabancalı 500 G;23,90;6
Defans Bitki Özlü Sinekkovan Losyon;25,50;6
Pronto Ahşap 750Ml + Mr Muscle Yüzey 1L Eko Paket;17,90;6
Glade Oto Yeni Araba Kokusu 7Ml;17,90;6
Febreze Kumaş Sigara Kokusu Önleyici 500 Ml;17,90;6
Glade Otomatik Sprey Yedek 3 Al 2 Öde Karma Paket;35,50;6
Air Wick Freshmatik Kiraz Ve Manolya Tomurcuklarının Ferahlık Etkisi Yedek Şişe;20,90;6
Ariel Dağ Esintisi Toz Çamaşır Deterjanı 4,5 Kg;38,90;6
Bingo Matik Konsantre 1.5 Kg Ultra Beyaz;10,95;6
Alo Beyazlar Ve Renkliler Için 200 G;2,00;6
Persil Premium Color 4 Kg;34,90;6
Ariel Parlak Renkler 4 Kg 26 Yıkama;36,90;6
Domestos Dağ Esintisi 2 Kg + Cif Jel Yase. F. 1500Ml;24,95;6
Persil Premium Color Jel 13 Wl;19,90;6
Omo Sıvı Deodorant Etkili 1950 Ml 30 Yıkama;37,90;6
Vernel Max Aromatherapy İlham Kaynağı 60 Yıkama 1,44 L;17,80;6
Yumoş Extra Pouch 1.440 Ml Orkide & Yasemin;17,95;6
Vanish Sıvı Gold Beyaz 2000 Ml;36,90;6
Omo 1.5 Kg Active Fresh 10 Yıkama;14,95;6
Omomatik 6 Kg Active Fresh;43,50;6
Ariel Toz Çamaşır Deterjanı Parlak Renkler 1,5 Kg;14,90;6
Domestos Çamaşır Suyu Kar Beyazı 2000 G;11,95;6
Vernel Gülün Büyüsü Nostaljı 3L;13,95;6
Ace Ultra Power Jel Çiçek Kokulu 810 G;5,95;6
Vernel Aromatherapy Relax 50 Yıkama 5 L;19,90;6
Vernel Max Taze Gül 960 Ml;12,45;6
Ace Ultra Powerjel 3 Kg Ferahlık Etkisi;14,25;6
Filpa Tela Maske 20 Adet;6,75;6
Scotch Brite Tüy Toplayıcı Rulo 56 Yaprak;31,25;6
Parex Trend Bulaşık Eldiveni M;7,90;6
Roll-up Pudrasız Nitril Eldiven 10'Lu;13,90;6
Motek Mopıda Dönen Başlıklı Temizlik Seti;79,90;6
Familia Deterjanlı Temizlik Kağıdı;11,90;6
Migros Temizlik Bezi 5 Li;3,25;6
Roll-up Pudrasız Vınıl Eldiven 100'Lü;17,50;6
Filpa Tela Bone 20 Adet;4,50;6
Parex Nitril Eldiven M-L 10'Lu;18,25;6
Parex Rengarenk Temizlik Bezi Tüm Yüzeyler İçin 10'Lu;20,50;6
Parex Temizlik Bezi 5'Li;14,90;6
Motek Yedek Sap (Döner Başlıklı Setler İçin);39,90;6
Scotch Brite Retro Oluklu Sünger 5'Li;16,50;6
Banat Lavabo Fırçası;17,90;6
Parex Mega Rulo Temizlik Bezi 2'Li;28,90;6
Bulaşık Teli Galvaniz 3'Lü;12,50;6
Parex Klasik Yeşil Oluklu Sünger 8'Li;17,50;6
Migros Bulaşık Süngeri - Oluklu 5'Li;3,25;6
Parex Kir Sökücü Rulo Bez 2'Li;26,90;6
Evmoni Çok Amaçlı Sepet;9,90;6
Ckc Asorti Cam Sabunluk(ckc1922);9,90;6
Leva Plastik Çöp Kovası 4 L (596245);9,90;6
Motek Pedallı Kovalı Çöp Kovası 22L (Elt-137);79,90;6
Asude Badya 27 L (5 No);27,90;6
Balıklı Diş Fırçalık;24,90;6
Üçsan Pedallı Çöp Kovası 9 L;44,90;6
Leva 2 Katlı Metal Banyo Rafı;39,90;6
Motek Pedallı Kovalı Çöp Kovası 6L (Elt-135);39,90;6
Leva Çelik Çöp Kovası 12 L (243355);59,90;6
Bosphorus Seramik Diş Fırçalık Romans(ly-j102b);14,90;6
Bosphorus İnci Kabuğu Sıvı Sabunluk;27,90;6
Bosphorus Seramik Sabunluk Çiçek(ly-j111c);14,90;6
Touch Me 3'Lü Banyo Aksesuar Set Asorti (B83002);59,90;6
Leva Çelik Çöp Kovası 3 Lt(243352);29,90;6
Bosphorus Çelik Banyo Rafı;49,90;6
Motek Çöp Kovası 6L (Çpy-113);24,90;6
Leva Plastik Çöp Kovası 8L (596249);14,90;6
Leva Kaydırmaz Banyo Paspas 37X67.5 Cm;24,90;6
Balıklı Sıvı Sabunluk;32,90;6
Emotion Eau De Toilette Asian Garden 50 Ml;69,90;7
Nivea Deo Mini Roll-On Black&White Clear 25 Ml;7,95;7
Nivea Dry Fresh Kadın Roll-On Deodorant 50Ml;15,90;7
Duru Kolonya Okyanus Ferahlığı 400 Ml;13,75;7
Blade Eau De Toilette 100Ml Legend;79,90;7
Migros Limon Kolonyası Sprey 150 Cc;4,45;7
Blade Eau De Toilette Racer 100 Ml;79,90;7
Emotion Eau De Toilette 50 Ml Pink Secret;69,90;7
Sebamed Deodorant Balsam Sensitive Aerosol 150 Ml;33,90;7
Bod Man Really Ripped Abs 100 Ml Erkek Vücut Sprey;24,90;7
Equal Intense Eau De Toilette Men 75 Ml L11;64,90;7
Nıvea Deo Spy B&w Clear Kdn+creme Care Duş Set;15,90;7
Axe Dark Deo 150Ml + 150 Ml Telefon Magnet Set;33,80;7
Johnson's Baby Kolonya Soft 200 Ml;21,90;7
Nivea Dry Sprey Deodorant 150Ml Erkek;15,90;7
Privacy Man Let'S Party Edt 100 Ml;89,90;7
Dove Men Deodorant Roll On Extra Fresh 50 Ml;17,90;7
Rexona Deodorant Roll On Linen Dry 50 Ml;15,90;7
Equal Sense Edt (M) 75Ml;64,90;7
Deotak Invisible Roll-On Deodorant 35 Ml;22,90;7
Gillette Fusion Proglide Manual Yedek 14'Lü Krt (Sm);182,90;7
Nivea Men Deep Dimension Tıraş Sonrası Losyon 100Ml;29,90;7
Gillette Fusion Proglide Flexball Power Tıraş Makinesi;58,00;7
Nivea Men Actıve Energy Canlandırıcı 2İn1 Balsam 100 Ml;30,90;7
Gillette Proshield Bıçak 4Lü - Serinletici;99,90;7
Blue 3 Cool Tıraş Bıçağı 6+2;33,90;7
Nivea Protect & Care Nemlendirici Tıraş Sonrası Balsam 100Ml;29,90;7
Arko Men Black Serisi Jel 200 Ml;14,95;7
Nivea Men Deep Dimension Tıraş Köpüğü 200Ml;17,90;7
Blue 3 Tıraş Bıçağı 9+3;49,90;7
Nivea Protect & Care Koruyucu Tıraş Köpüğü 200Ml;17,90;7
Nivea Hassas Tıraş Jeli 200Ml;24,90;7
Arko Tıraş Kolonyası Cool 250 Ml;10,90;7
Wilkinson Xtreme3 Üç Bıçak 4'Lü Blister;17,90;7
Gillette Mach3 Turbo Yedek 8'Li Karton Ambalaj;73,90;7
Bic Flex 3 Bıçaklı 4+2;26,90;7
Arko Tıraş Köpüğü Sensitive 200 Ml;9,95;7
Blue 3 Cool Tıraş Bıçağı 6Lı;33,90;7
Gillette Proshield Bıçak 4'Lü Normal;99,90;7
Samurai Klasik 3 10'Lu Poşet;11,50;7
Papia Parfümlü Tuvalet Kagıdı 32'Lı;56,95;7
Maylo Tuvalet Kağıdı Dev 16'Lı;44,95;7
Maylo 3 Katlı Tuvalet Kağıdı 16'Lı;29,45;7
Selpak Trend Peçete 20'Li;5,50;7
Viva Havlu 4'Lü;11,75;7
Maylo Puf Mendil 150'Li;6,90;7
Selpak Beyaz Peçete 100 Yaprak;13,25;7
Papia Kutu Mendil 80 Yaprak;7,95;7
Maylo 3 Katlı Kağıt Havlu 6'Lı;18,50;7
Johnson's Cottontouch Islak Havlu 3 X 72 Adet;29,90;7
Unı Baby Islak Tuvalet Kağıdı Yedek 60 Yaprak;9,25;7
Viva Ekonomik Peçete 200 Yaprak;3,95;7
Viva Tuvalet Kağıdı 32'Li;37,95;7
Solo Tuvalet Kağıdı 16'Lı;30,50;7
Viva Havlu 8'Li;19,90;7
Solo Tuvalet Kağıdı 24'Lü;39,75;7
Selpak Tuvalet Kağıdı 24'Lü;48,50;7
Molfix Islak Havlu 3X60 Yaprak;19,95;7
Johnson's Saf Koruma Islak Havlu 25 Adet;6,90;7
Papia Parfümlü Tuvalet Kagıdı 16'Lı;34,90;7
Greenleaves Saplı Sırt Banyo Lifi;8,60;7
Greenleaves Banyo Bakım Seti;21,50;7
Le Petit Marseillais Kalıp Sabun Portakal 90 G;4,50;7
Dove Lavanta & Biberiye Özlü Duş Jeli 500Ml;28,90;7
Sebamed Fresh Shower Duş Jeli 20 Ml;5,50;7
Palmolive Body Butter Hindistan Cevizi Duş Jeli 500 Ml;22,95;7
Hacı Şakir Duş Sabunu 500 G;17,95;7
Kırlangıç Zeytinyağlı Sabun 125 G;5,65;7
Duru Natures Treasures İğde Özlü Duş Jeli 700 Ml;24,90;7
Rock Face Erkek Vücut Temizleyici Jel 200 Ml;19,90;7
Le Petit Marseillais Kayısı Ve Fındık Duş Jeli 650 Ml;28,90;7
Le Petit Marseillais Kalıp Sabun Süt 200 G;9,90;7
Le Petit Marseillais Vanilya Sütü Duş Jeli 400 Ml;22,90;7
Hacı Şakir Banyo Sabunu 150G Lavanta;5,95;7
Palmolive Siyah Orkide Sıvı Sabun 500 Ml;18,95;7
Hacı Şakir Zeytinyağı Sıvı Sabun 500Ml;18,95;7
Activex 300 Ml Nemlendiricili Sıvı Sabun;10,50;7
Duru Çiçek Terapisi 1500 Ml Değerli Çiçekler Sıvı Sabun;20,75;7
Duru Natural Olive Defne Yaprağı Sıvı Sabun 300Ml;7,75;7
Gillette Venus Swirl Kadın Tıraş Makinesi Yedekli;49,90;7
Remove Squeeze Wax Hassas Ciltler 100 Ml;19,90;7
Gillette Venus Pembe Kadın Tıraş Makinesi Yedekli;37,90;7
Veet Men Krem 200Ml;49,95;7
Veet Bant Ağda Hassas Ciltler İçin 12'Li;24,95;7
Gillette Venus Satin Care Tıraş Jeli 200 Ml;18,90;7
Gillette Venus Embrace Snap Tıraş Makinesi Seyahat Boyu;39,90;7
Gillette Simply Venus 2 Kullan At Kadın Tıraş Bıçağı 4'Lü;7,95;7
Veet In Shower Tüy Dökücü Krem Hassas Ciltler İçin 150 Ml;36,90;7
Venus Bıcak 2'Li;25,90;7
Remove Squeeze Wax Normal Tuyler 100 Ml;19,90;7
Gillette Venus Swirl Yedek Kadın Tıraş Bıçağı 2'Li;38,50;7
Gillette Venus Yedek Kadın Tıraş Bıçağı 4'Lü;49,50;7
Veet Soğuk Ağda Bandı Yüz Ve Bikini Bölgesi İçin;44,90;7
Veet Soğuk Ağda Bantı Hassas 20+12'Li;49,90;7
Veet Naturals Sir Ağda Bandı Hassas Formül 12'Li;24,95;7
Gillette Venus Breeze Kadın Tıraş Makinesi Yedekli;44,90;7
Veet Men Duşta 150Ml;49,95;7
Gillette Venus Riviera Kullan At Kadın Tıraş Bıçağı 2'Li;22,90;7
Veet Soğuk Ağda Bandı Normal 20+12'Li;49,90;7
Sebamed Sun Care 30  Güneş Kremi 75 Ml;89,90;7
Sebamed Sun Care 50+  Güneş Kremi 75 Ml;99,90;7
Nivea Sun Çocuk Hassas Güneş Spreyi Gfk50+ 200Ml;99,90;7
Nivea Sun Güneş Sütü Yüksek Koruma Losyon Spf 50+ 200 Ml;91,90;7
Nivea Sun Güneş Yağı Sprey Spf 2 150 Ml;58,90;7
Nivea Sun Protect And Bronze Sprey Spf 30 200 Ml;85,90;7
Nivea Sun Bronzluk Arttırıcı & Koruyucu Güneş Yağı;85,90;7
Sebamed Sun Care 50+  Güneş Losyonu 150 Ml;109,90;7
Nivea Sun Çocuklar İçin Renkli Güneş Spreyi Spf 50+ 200 Ml;99,90;7
Nivea Sun Güneş Sonrası Nemlendirici Sprey 200 Ml;49,90;7
Nivea Sun Yüz Kremi Bb Krem Spf50 50 Ml;74,90;7
Nivea Sun Yüz Kremi Yaşlanma Karşıtı Spf50 50 Ml;74,90;7
Sebamed Sun Care 30 Güneş Spreyi 150Ml;99,90;7
Nivea Sun Protect And Bronze Sprey Spf 50 200 Ml;99,90;7
Nivea Sun Yüz Kremi Parlama Karşıtı Spf50 50 Ml;74,90;7
Nivea Sun Güneş Sütü Bebekler İçin Çok Yüksek Koruma Losyon Spf 50+ 200 Ml;91,90;7
Nivea Sun Protect&Bronze Yüksek Koruma Losyon Spf 30 200 Ml;80,90;7
Nivea Sun Güneş Sütü Yüksek Koruma Losyon Sprey Spf 50+ 200 Ml;99,90;7
Sebamed Sun Care 30  Güneş Losyonu 150 Ml;99,90;7
Nivea Sun Invisible Protection Transparan Güneş Spreyi Spf 30 200 Ml;85,90;7
Orkid Maxi Hijyenik Ped Gece Tekli Paket 7 Ped;5,95;7
Nivea Intimo Fresh Comfort Yıkama Losyonu 250Ml;29,90;7
Orkid Sensitive Süper Eko Normal 28'Li;17,10;7
Orkid Günlük İnce Tekli Normal 20'Li;5,95;7
Carefree Mini Ped Original 20 Ped;6,90;7
Molped Ultra Hijyenik Ped Gece 20 Ped;13,90;7
Orkid Platinum Comfort Hijyenik Ped Normal Dev Ekonomi Paketi 38 Ped;25,90;7
Orkid Platinum Tekli Normal 8'Li;7,25;7
Carefree Mini Ped Triplefresh - Fresh 20 Ped;6,90;7
Molped Günlük Ped Ekstra İnce Yasemin Bahçesi Süper Eko Pak;19,45;7
Orkid Platinum Gece 10'Lu + To Go Günlük 20'Li;18,90;7
Orkid Sensitive Süper Eko Uzun 22'Li;17,10;7
Orkid Ultra Extra Tekli Normal 8'Li;6,25;7
Orkid Essential Protection Süper Eko Uzun 20'Li;19,40;7
Kotex Günlük Ped Uzun Tekli Paket 16 Ped;9,50;7
Nivea İntimo Sensitive Yıkama Losyonu 250 Ml;29,90;7
Orkid Günlük Koruma Süper Eko Normal 80'Li;25,90;7
Orkid Platinum Süper Eko Gece Extra 18'Li;19,40;7
Orkid Sensitive Tekli Uzun 8'Li;7,25;7
Kotex Ultra Hijyenik Ped Uzun 7 Ped;6,25;7
Simple Nemlendirici Kağıt Maske 21 Ml;24,90;7
Nivea Urban Skin Detox Güzellik Uykusu Maskesi 50 Ml;54,90;7
Krauterhof Isıtıcı Masaj Jeli 250 Ml;59,90;7
Neutrogena Yoğun Nemlendirici Etkili Maske 10 Ml;18,50;7
Krauterhof Body Lift Gel 300 Ml;95,90;7
Simple Çift Fazlı Göz Makyaj Temızleyici 125Ml;54,90;7
Diadermine Tüm Cilt Tipleri İçin Hassas Göz Makyaj Temizleyici 125 Ml;32,90;7
Nivea Cellular Cilt Dolgunlaştırıcı İnci Taneleri Serum 30Ml;94,90;7
Rock Face Yüz Nemlendiricisi Hassas Erkek 100 Ml;34,90;7
Nivea Aqua Sensation Canlandırıcı Bakım Kremi 50 Ml;49,90;7
Razorline Yüz Scrub 75 Ml;29,90;7
Simple Vital Vitamin Gündüz Kremi 50 Ml;69,90;7
Diadermine Hydralist Nemlendirici Bakım Kremi Jel Doku 50 Ml;54,90;7
Diadermine Hydralist Gece Boyu Nem Bakımı 100 Ml;54,90;7
Nivea Soft Mix Me Charming Nemlendirici Bakım Kremi 100Ml;13,90;7
Diadermine No 110 Göz Çevresi Aydınlatıcı Serum;59,90;7
Diadermine No 110 Süper Serum 30 Ml;59,90;7
Nivea 3'Ü 1 Arada Makyaj Temizleme Mendilleri Normal Ciltler;29,90;7
Nivea Besleyici Vücut Sütü (Yoğun Nemlendirici Bakım) 250Ml;32,90;7
Nivea Men Active Energy Erkek Yüz Yıkama Jeli 100 Ml;32,90;7
Essence Cosmic Light Nail Polish 02 45 G;19,45;7
Pastel Oje 11;5,95;7
Essence My Must Haves Palet 4;11,95;7
Lush Lash Takma Kirpik Siren;22,90;7
Essence Melted Chorme Eyeshdw 06 16 G;23,25;7
Essence Ultra Last Instant Colour Lipstick 05;17,95;7
Pastel Oje 65;5,95;7
Essence Super Curl Hacim Maskara Eye-opening;23,25;7
Essence All Eyes On Me Maskara Wp;15,45;7
Pastel Oje 43;5,95;7
Lush Lash Takma Kirpik Envied;22,90;7
Pastel Oje 29;5,95;7
Essence Ultra Last Instant Colour Lipstick 12;17,95;7
Essence I Need Mrac Vol&strengt Mascara01 35 G;26,95;7
Essence Shine Dudak Parlatıcısı 03;15,45;7
Essence Llasting Göz Kalemi 27;11,95;7
Essence Kaş Kalemi;11,95;7
Essence Mat Makyaj Sabitleme Spreyi;23,25;7
Essence Matlaştırıcı Kompakt Pudra 02;21,75;7
Essence All Eyes On Me Maskara;15,45;7
Sensodyne Ferah Nefes Diş Macunu 100 Ml;14,95;7
Oral-B Ultrathin Compact Diş Fırças 1+1;34,90;7
Biomed Silver Diş Fırçası Orta;16,90;7
Signal Beyaz Güç Diş Fırçası;6,75;7
Signal Beyazlatıcı Diş Ruju;76,90;7
İpana 3 Boyutlu Beyazlık Nane Ferahlığı 75Ml;15,90;7
Ipana 3Dw Whıtenıng Therapy 75 Ml+oral-b Diş Fırça;32,90;7
Oral-b Şarjlı Diş Fırçası Yedek Başlık Starwars 2'Li;44,90;7
Signal Double Care Clean 1+1 Diş Fırçası;27,90;7
Colgate Natural Extracts Deniz Yosunu Tuzu (Beyazlık) Diş Macunu 75 Ml;34,95;7
Colgate Profesyonel Beyazlık Diş Macunu 75 Ml;34,95;7
Sensodyne Çok Yönlü Koruma Hassas Dişler İçin Diş Macunu 75 Ml;28,50;7
Colgate Hassasiyete Pro-çözüm Temel Koruma Diş Macunu 75 Ml;34,95;7
Signal Glossy 75Ml+ Cc Gold 50Ml Diş Macunu Set;31,90;7
Signal Men 75Ml + Cc Gold 50Ml Diş Macunu Set;31,90;7
Sensodyne True White Soft Diş Fırçası;24,90;7
Colgate Plax Buz Serinliği Agız Suyu 500Ml;19,25;7
Oral - B Genius Pro 9000 Pembe Altın (Sm);569,90;7
Sensodyne Hızlı Rahatlama Diş Macunu 75 Ml;28,50;7
Colgate Total Profesyonel Nefes Sağlığı Diş Macunu 75 Ml;34,95;7
Salvelox Nasır Yara Bandı 6Lı;27,90;7
Talya L-Carnitine 60 Kapsül;46,95;7
Stopever Maxi Cold Soğuk Terapi Plasteri 2'Li;10,90;7
Talya Biberiye Yağı 20 Ml;18,50;7
Talya Kaş Kiprik Bakım Serumu 10+10 Ml;30,95;7
Neutrogena Çatlak Topuklar İçin Ayak Kremi 50 Ml;28,90;7
Salvelox Vuruk Ve Su Toplamaları Önleyici Yara Bandı 6'Lı;38,90;7
Lux Pamuk 100 Gr;4,95;7
Durex Yok Ötesi Extra His 10'Lu Prezervatif;49,90;7
Okey Zero Ultra 10'Lu;57,95;7
Joly Kadın Mesane Pedi Yoğun 10 Adet;17,95;7
Dr Plus Mini Kit İlk Yardım;16,90;7
Stopever Hot Comfort Ayak Isıtan 2'Li Paket;3,95;7
Neutrogena Hızlı Emilen Ayak Kremi 100 Ml.;32,90;7
Ok Kayganlaştırıcı Jel 100 G;37,90;7
Talya Ginseng 60 Tablet 500 Mg;36,95;7
Okey Kayganlaştırıcı Hisset 100 Ml;37,95;7
Okey Sımsıkı Prezervatif 10Lu;29,90;7
Joly Erkek Mesane Pedi Yoğun 14 Adet;17,95;7
Okey Nirvana Prezervatif 10'Lu;53,95;7
Toni&guy Sarı Saçlar İçin Şampuan 250 Ml;59,90;7
Toni&guy Canlandırıcı Kuru Şampuan 250 Ml;59,90;7
Toni&guy Işıltı Ver & Elektrik Karşı Korumalı Serum 150 Ml;64,90;7
Toni&guy Orta Tutuşlu Saç Spreyi 250 Ml;59,90;7
Colorista Saç Boyası Wash Out 13 Orange;39,90;7
Colorista Sprey Geçici Boya 4 Pink 75 Ml;39,90;7
Ogx Yıpranma Karşıtı Coconut Miracle Saç Kremi 385Ml;69,90;7
Lionesse Tangle Eraser Saç Fırçası;27,90;7
Elidor Doğanın Enerjisi Güçlü Saç Uçları Sıvı Saç Kremi 210;19,90;7
Gliss Ultimate Oil Elixir Durulanmayan Saç Kremi 250 Ml;34,90;7
Lionesse Saç Fırçası 504;22,50;7
Beology Onarıcı Saç Kremi 400 Ml;69,90;7
Beology Onarıcı Bakım Maskesi 200 Ml;69,90;7
Head & Shoulders 2'Si1 Arada Şampuan İpeksi Yumuşaklık 500Ml;23,50;7
Elidor Esmer Parlaklık Saç Parfümü 160 Ml;29,90;7
Colour Specialist Saç Boyası 7-0 Doğal Kumral;39,90;7
Koleston Set Saç Boyası 6/0 Koyu Kumral;25,90;7
Koleston Set Saç Boyası 7/0 Kumral;25,90;7
Koleston Set Saç Boyası 7/3 Fındık Kabuğu;25,90;7
Lionesse Tarak 894152;12,90;7
Meck's Baskılı Erkek Bebek Şort Grımlnj Y19;24,95;8
Meck's Baskılı Erkek Bebek Şort Indg Y19;24,95;8
Paşabahçe Cam Biberon M 240 Ml;37,50;8
Paşabahçe Cam Biberon M 120 Ml;24,90;8
Wee Baby Cam Biberon 0-6 Ay 125 Ml;17,90;8
Hipp Baby Sanft Bebekler İçin El Yıkama Köpüğü 250 Ml;40,90;8
Bebedor Desenli Biberon 125 Ml ( Orta Akış );17,75;8
Johnsons Işıldayan Parlaklık Şampuan 500 Ml;18,90;8
Aptamil Sütlü Pirinçli 250 G;19,95;8
Chicco Desenli Cam Biberon Kauçuk Unisex 240Ml;68,90;8
Superbaby Lisanslı 2'Li Bebek Çorabı;8,95;8
Minnie Şort;19,95;8
Batman Tshirt;16,95;8
Sebamed Bebek Banyo Köpüğü 500 Ml;79,50;8
Mycey Emzik Kordonu;15,90;8
Aptamil 1 Bebek Sütü 1200 G;199,90;8
Ss17-G.E Bbk Batman Coklu Pijama Alt Gri;29,95;8
Meck's Baskılı Kız Bebek Tshırt Rose Y19;19,95;8
Meck's Baskılı Kız Bebek Tshırt Pembe Y19;19,95;8
Meck's Baskılı Erkek Bebek Tshirt Y18;12,90;8
Sebamed Çatlak Karşıtı Krem 200 Ml;81,90;8
Lactamil Emziren Anneler İçin Sütlü İçecek 200 G;19,95;8
Bebedor Göğüs Pedi 660;18,75;8
Lactamil Emziren Anneler İçın Karışık Bitkı Çayı;14,90;8
Lego Ninjago 70659 Spınjıtzu Kaı;59,90;8
Play Doh Çalışkan Vinç Ve Forklift;83,90;8
Lego Star Wars 75207 Battle Pack Vestas Chariot;69,90;8
Lego Friends 41356 Stephanie'nin Sevgi Kutusu;44,90;8
Ravensburger Canavar Avcıları;169,90;8
Mtoys İnşaat Blokları(2929-4326);14,90;8
Jlm Mini Figürler;14,99;8
Pilsan Çantalı Master Bloklar 18 Parça;24,90;8
Mtoys 4Lü İnşaat Araba Seti(2929-4762);49,90;8
Parti Seti;36,90;8
Nerf Elite 12'Li Yedek Paket;27,90;8
Mtoys 22 Cm Peluş Yılbaşı Ayı (Dt180593);54,90;8
Pilsan Çek Bırak Araba;11,90;8
Mtoys Evcil Hayvan Seti 2929-3849;129,90;8
Pj Maskeliler Tekli Figür;44,90;8
Barbie Moped;89,99;8
Pilsan Hipo Yazı Tahtası;74,90;8
Pie Face Düello;189,90;8
Ravensburger 100 Parça Puzzle;54,90;8
Barbie Uzun Saçlı Prensesler;54,99;8
Canbebe 2 Beden Jumbo Mini 3-6 Kg 52'Li;32,50;8
Prima Aktif Bebek Ekonomik Paket 2 No Mini 58'Li;48,50;8
Prima Aktif Bebek Fırsat Paketi 4 No Maxiplus 54'Lü;73,90;8
Prima Aktif Bebek Maxi Plus 4+ Beden Eko 34 Adet 9-16 Kg;49,90;8
Prima Aktif Bebek Ekonomik Paket 7 Beden 23'Lü;49,90;8
Molfix Külot Bez 4 No Maxi 40'Lı Eko Paket;37,95;8
Molfix 3D Maxiplus 34'Lü Eko Paket;37,95;8
Huggies Drynites Emici Gece Külodu Kız 4 - 7 Yaş 10'Lu;34,90;8
Prima 0 Beden Bebek Bezi Premium Care Premature Tekli Paket 30 Adet 0-2.5 Kg;28,50;8
Prima Premium Care Mini Ekonomik Paket 88'Li;82,90;8
Canbebe 6 Beden Jumbo Extra Large +15 Kg 24'Lü;32,50;8
Molfix 3D Junior 30'Lu Eko Paket;37,95;8
Prima Fırsat Paketi No 6 Extralarge 40'Lı;73,90;8
Minies Bebek Bakım Örtüsü 60X60 Cm 10 Adet;11,90;8
Prima Pants Külot Bez 6 Extra Large Jumbo 34 Adet 15+Kg;2.si %50;8
Canbebe 5 Beden Mega Junior 11-18 Kg 42'Li;44,90;8
Molfix Külot Bez 3 No Midi 45'Li Eko Paket;37,95;8
Molfix Pure&Soft Maxi 4 No 7-14 Kg 30'Lu;37,95;8
Minies 2 No Yeni Bebek Mini Bebek Bezi 3-6 Kg 60 Adet;26,50;8
İthal Top 2 Cm. 48Li Pk. (Shıny/matt)-47661;47,90;9
Fiyonk 19X26 Cm;25,90;9
Kozalak 6'Lı Pk.;19,90;9
Cars 3 Lisanslı Bayrak Set;13,90;9
Transval 26J Sport Ön Amor Sarı Mat Çiftj Veralti Erkek;499,90;9
Şişme Eğlence Havuzu (53068);299,90;9
Cont-m Erkek Çocuk Kostüm Kaptan Amerika 4-6 Yaş;119,90;9
Sarda Alüminyum 26J Bisiklet Cross Mat-beyaz;679,90;9
Carpex Kumaş Döşeme Temizleyici 500 Ml;11,90;9
Autokit Saf Akü Suyu 1 L;4,90;9
Gojo Alüminyum Saplı Toz Alıcı;11,90;9
M&w Araç Koltuk Arkası Organizer;34,90;9
Süs Anteni Jaws Siyah - Gri;12,50;9
Floatzz Dev Flamingo Deniz Simidi;129,90;9
Dinozor Kolluk 23 * 15;9,90;9
Radyal Lastik Simit 91 Cm;14,90;9
Transval 20J Çiftamort Bisikletss17;399,90;9
Bestway Spiderman Kolluk 23*15 Cm (98001);19,90;9
Deniz Gözlüğü Gl2j;42,90;9
Dunlop Silikon Bone;17,90;9
Osmanlı Domates Köy Yetiştirme Seti;9,90;9
Leva Buz Aküsü 200Ml;2,50;9
Poliwork Akasya Saksı 14Cm;12,90;9
Gardenzone Bamboo Fiber Saksı 16Cm(21833);9,90;9
Gardenya 21 Saksı Pastel (Grd21p-mıx);19,90;9
Turbo 3'Lü Sprink 1/2*5/8*3/4 (1/50);8,90;9
Bic J3 Taşlı Çakmak(945639);4,50;9
Çadır 7 Kişilik 320X240x180 Cm;399,90;9
Gardenzone Seramik Saksı Küçük (11-04C);39,90;9
Ocakbaşı Mangal Kömürü 2,5 Kg;22,90;9
Nergiz Tabaklı Saksı Pastel 5,5L No 5;12,90;9
Touch Me Termos 1,9 L;44,90;9
Gardenzone Seramik Saksı Büyük (11-04C);79,90;9
Tropikal Bitki Besini 500 Ml (Hbgk442);12,90;9
Touch Me Kova Saksı Sw90026;9,90;9
Touch Me Seramik Saksı 14-92 Küçük;39,90;9
Mms Paslanmaz Süper Maşa;14,90;9
Osmanlı Hıyar Çengelköy Yetiştirme Setı;9,90;9
Leva Osmanlı Ocağı ;12,90;9
Leva House Ocak Yakıtı ( Reşo Yakıtı );4,90;9
Beyaz Blackout Perde 80*200;119,95;9
Beyaz Blackout Perde 140*200;169,95;9
Beyaz Stor Perde 100*200;84,94;9
İkili Tül Stor Perde 140*200;259,95;9
Krem Blackout Perde 80*200;119,95;9
Krem Stor Perde 100*200;84,95;9
Loft 2002244 Pnt T.brown Ant 36-32;139,95;9
Loft 2011723 Pnt Rıcardo Syh 32-32;149,95;9
Loft 2002244 Pnt T.brown Lcv 36-30;139,95;9
Loft 2008979 Pnt Rıcardo Lcv 31-32;109,95;9
Loft 2008979 Pnt Rıcardo Lcv 30-32;109,95;9
Loft 2008979 Pnt Rıcardo Lcv 29-32;109,95;9
Loft 2008979 Pnt Rıcardo Haki 33-32;109,95;9
Crocs Gri Terlik 40-45 Y17;199,95;9
Eos Kadın Sloganlı Mayo Mavi Y19;79,95;9
The Don Erkek Suba Çorap;12,95;9
Phix Spor Ayakkabı Siyah / Mavi 40-44 K18-19;59,95;9
Phix Spor Ayakkabı Lacivert / Fuşya 36-39 K18-19;59,95;9
Phix Yağmur Çizmesi Siyah 36-40 K18-19;69,95;9
Lucca Dotti Erkek Jessica Şişme Mont Brd M-xxl K19;109,95;9
Belde Mono Arkalıklı Minder;39,90;9
Side 5 Çekmeceli Şifonyer Parlak Beyaz 55X107x43cm;429,90;9
Adore Çekmeceli Dolap;269,90;9
Moonstar Free Box Organizer 33L;44,90;9
Ghita Sallanır Şezlong;189,00;9
Ghita Kademeli Sezlong;189,00;9
Gardelia Poly Çocuk Koltuğu Sarı;14,90;9
Myros Nazarlıklı Anahtarlık;4,90;9
Belde Special Şemsiye 200 Cm 714;199,90;9
Anemon Sabit Tabure(ts-17001);24,90;9
Touch Me Saksılı Yapay Çiçek 16Cm(n17-ta170556-2s);29,90;9
Leva Sünger Sandalye Minderi;12,90;9
Myros Desenli Dekoratif Cam Yuvarlak Kase;5,90;9
Myros Desenli Dekoratif Cam Kase 11X13cm;5,90;9
Motek Tekerlekli Organizer Raf 3'Lü;44,90;9
Myros Desenli Cam Tealight Mumluk 10X10cm;4,90;9
Myros Desenli Cam Küllük 10X10cm;4,90;9
Leva Balkon Masası;69,90;9
Touch Me Cam Teraryum 8X9 Cm (N18-yqr4026-8);29,90;9
Zeugma Rattan Koltuk (Kahve);59,90;9
Edding T-shirt Kalemi 4Lü Set;34,90;9
Otuz Etkinlik;6,39;9
Globox Neon Sunum Dosyası 30 Sayfa;12,50;9
Cars Anaokulu Çantası-95370;104,90;9
Derinin Altında Gunnar Kaiser;37,00;9
Yetişin Çocuklar Selçuk Şirin;25,90;9
Mynote Pastel Sp Pp Defter A4 80 Yaprak Kareli;17,90;9
Kirpi Mesafesi Hakan Akdoğan;19,00;9
Ayrıcalıklı Rotalar;39,00;9
Adel Bls. Prime 60 Lı Min, 0.5 Mm, 3 Lü;9,50;9
Çocuklara Atatürk;10,00;9
Edding Asetat Kalemi Siyah;9,50;9
Edding Fosforlu Kalem 5 Li;22,50;9
Basit Düşün Owain Service;25,00;9
Renkli Etiket;3,90;9
Prıncess Top Frıends;31,00;9
Dısney Star Wars - Güç Uyanıyor Julıe Ferrıs;19,90;9
Rayların Kralı- Thomasve Arkadaşları;14,72;9
Faber Castell Style Silgili Kurşun Kalem 4'Lü;7,50;9
Sihirli Krallık 13 Kır Çiçeği Or Rosia Banks;22,00;9
Güral Bone Porselen Ent. 14 Cm Kayık Tabak Mcr;35,90;9
Kütahya Porselen Rüya Kahve Finc.tkm.2 Kişilik Mcr;39,90;9
Güral Elit 01 Mug Bardak Mcr;16,90;9
Güral Bone Porselen Enternasyonel 21 Cm Düz Mcr;21,90;9
Gondol Bloom Çiçek Metal Kalıp 5 Li(kc-423-f);8,90;9
Gondol Kek Kalıbı 6'Lı;9,90;9
Güral Porselen Renkli Porselen Tabak Çeşitleri;5,90;9
Renga Desenli Detoks Sürahi 1350Cc;16,90;9
Touch Me Bambu Taşlı Sunum Tahtası (N18-1715hc1864);34,90;9
Koroplast Fırın Torbası Büyük Boy 2'Li;6,50;9
Gondol Kaydırmaz Kesim Panosu 29 Cm(g566);26,90;9
Ckc Ahşap Oklava 50 Cm;4,90;9
Metaltex Sebzelik Küf Önleyici;15,90;9
Üçsan Kesim Panosu Büyük Boy;34,90;9
Touch Me New Bone Çocuk Kupa 350 Ml(n18-jtpal002);16,90;9
Roll-up Silver Dreams Tabak 26 Cm 6'Lı;39,90;9
Cook Profesyonel Jumbo Boy Çöp Torbası 7'Li;14,90;9
Sebastian Çok Amaçlı Açacak (Jhk - 505);7,90;9
Rooc House Chef Sebze Bıçağı(pu035);26,90;9
Touch Me Porselen Kase(d-km) 10.8Cm(n18-hjcj20ab3);9,90;9
Mırmır Kedi Konserve 400 Gr Tavuk Ve Ciğerli;7,50;9
Bonnie Köpek Konserve 400 G Tavuklu;10,90;9
Croque Kedi Tavuklu 1.5 Kg;28,50;9
Goody Kedi Konserve Kuzu Etli & Pirinçli 415 G;9,75;9
Whiskas Pouch Somonlu 100 G;4,50;9
Felix Pouch Çifte Lezzet Et&tavuk 100 G;4,25;9
Friskies Etli Aktif Köpek 10 Kg;150,00;9
Mırmır Kedi Konserve 400 Gr Tavuklu Ve Hindi Etli;7,50;9
Bonnie Adult Kısır. Kedi Maması Chicken 1,5 Kg;28,90;9
Bone Küçük Köpekler İçin Şampuan;19,90;9
Goody Kuzu Etli Kuru Köpek Maması 2,5 Kg;36,50;9
Pedigree Ranchos Ödül Maması Kuzulu 70G;24,90;9
Pedigree Biftekli Köpek Konservesi 400 G;11,50;9
Dost Pati Köpek Maması Kuzu Etli;1,75;9
Gourmet Perle Tavuk Etli Pouch 85 G;5,50;9
Bonnie Cocktail Adult Kuru Kedi Maması 1500 G;28,90;9
Felix Kons. Tavuklu 400 G;9,95;9
Goody Kuru Kedi Maması Balıklı 500 G;9,50;9
Pedigree Ranchos Ödül Maması Sıgır Etli 70G;24,90;9
Pet Mama Kabı İkili Küçük ( Desenli );9,50;9
Fakir Kaave Dual Pro Çiftli Türk Kahve Makinesi;1.699,00;9
Samsung Hw-n300/tk Soundbar Ev Sinema Sistemi;599,90;9
Nilson 3'Lü Golyat - Topraklı Fiş Priz (Pempe);9,90;9
Sinbo Shb - 3114 El Blender Seti;179,90;9
Nilson 3'Lü Golyat - Topraklı Fiş Priz (Siyah);9,90;9
Nilson 4'Lü Topraklı Anahtarlı Grup Priz 5Mt Kablolu;49,90;9
Philips Fc9925/07 Marathon Ultimate Süpürge;1.999,00;9
Fantom Technovac Eco Tr 8700 Torbasız Süpürge;499,90;9
Sony Ps4 500Gb Oyun Konsolu;2.099,00;9
Fakir Bolly Plastık Su Isıtıcı;139,90;9
İthink Gold Spiral Kablo İph.;24,90;9
Logitech M170 Kablosuznano Mouse;59,90;9
Xiaomi A2 32 Gb Mavi Cep Telefon (Elec);1.699,00;9
Oppo F9 Pro Mavi 64Gb 4 Gb Cep Telefonu (Elec);2.799,00;9
Honor Play Violet (Mor) 64Gb Cep Telefonu (Elec);2.599,00;9
Samsung Galaxy J4 Plus 16Gb Siyah Cep Telefonu (Tkno);1.249,00;9
Samsung 9.000 Ve 12.000 Btu Montaj+boru Seti;100,00;9
Tunçmatik 5'Li Akım Korumalı Pri Z Beyaz;79,90;9
Philips Fc9750/07 Powerpro Max Torbasız Süpürge;1.799,00;9